track_id,t_start,t_end,freq_hz,amp_db,note,cents
0,0.000,4.864,100.005,-22.734,Sol2,35
1,0.000,4.779,133.330,-26.240,Do3,33
2,0.000,4.693,150.003,-29.621,Re3,37
3,0.000,40.181,199.999,-17.323,Sol3,35
4,0.000,19.307,266.661,-25.737,Do4,33
5,0.000,40.181,299.996,-22.553,Re4,37
6,0.000,40.181,400.002,-24.036,Sol4,35
7,0.000,40.181,533.342,-27.492,Do5,33
8,0.000,40.181,599.996,-21.290,Re5,37
9,0.000,2.411,800.003,-34.619,Sol5,35
10,0.000,2.400,1066.684,-38.050,Do6,33
11,0.000,2.389,1200.004,-41.466,Re6,37
12,4.352,14.176,1200.004,-23.036,Re6,37
13,4.363,14.176,1599.964,-26.565,Sol6,35
14,4.373,14.165,1799.996,-30.048,La6,39
15,4.373,14.155,2400.003,-24.914,Re7,37
16,4.384,14.155,3200.038,-29.443,Sol7,35
17,4.395,14.144,3599.996,-28.062,La7,39
18,9.611,11.947,799.987,-25.253,Sol5,35
19,9.611,11.947,900.003,-28.921,La5,39
20,9.696,11.936,4799.952,-29.170,Re8,37
21,9.760,11.829,450.004,-33.798,La4,39
22,10.027,11.541,3000.000,-82.852,Fa#7,23
23,18.805,30.923,346.072,-18.864,Fa4,-16
24,18.848,30.827,391.737,-21.789,Sol4,-1
25,18.869,40.171,131.222,-17.400,Do3,5
26,18.880,34.059,65.577,-21.366,Do2,5
27,18.880,35.467,521.086,-26.279,Do5,-7
28,18.880,35.787,786.975,-24.490,Sol5,7
29,18.891,30.677,173.055,-25.565,Fa3,-16
30,18.891,35.755,1038.130,-28.799,Do6,-14
31,18.901,30.656,86.512,-30.713,Fa2,-16
32,18.901,30.869,695.519,-29.815,Fa5,-7
33,18.901,40.181,1049.311,-27.777,Do6,5
34,18.912,30.891,1175.202,-32.214,Re6,1
35,18.912,30.933,1384.175,-32.783,Fa6,-16
36,18.923,30.613,97.930,-34.282,Sol2,-1
37,18.923,35.701,1563.388,-34.727,Sol6,-5
38,18.944,35.733,1311.637,-36.957,Mi6,-9
39,18.955,30.923,1730.225,-40.617,La6,-30
40,18.965,19.605,2085.590,-41.856,Do7,-6
41,18.976,35.723,1836.284,-42.543,La#6,-27
42,18.987,30.805,1958.664,-44.533,Si6,-15
43,18.987,30.933,2352.287,-43.308,Re7,2
44,18.997,35.701,1573.961,-45.651,Sol6,7
45,18.997,40.181,2098.609,-46.157,Do7,5
46,18.997,30.923,2782.090,-47.331,Fa7,-7
47,19.008,35.691,2076.269,-50.545,Do7,-14
48,19.008,30.912,2422.306,-48.140,Re#7,-47
49,19.019,30.912,2605.597,-50.604,Mi7,-21
50,19.029,30.816,2742.126,-53.225,Fa7,-32
51,19.029,30.880,2768.351,-53.786,Fa7,-16
52,19.040,30.891,3136.333,-51.319,Sol7,0
53,19.051,35.669,2360.936,-56.114,Re7,9
54,19.061,30.880,3477.607,-58.616,La7,-21
55,19.083,30.869,3647.846,-61.350,La#7,-38
56,19.093,35.435,3126.721,-62.925,Sol7,-5
57,19.104,30.869,3114.400,-64.765,Sol7,-12
58,19.104,30.859,3920.607,-64.169,Si7,-13
59,19.115,30.827,4168.998,-67.392,Do8,-7
60,19.147,30.720,3525.587,-70.337,La7,3
61,19.147,30.827,4868.644,-69.952,Re#8,-38
62,19.168,19.552,1542.170,-72.375,Sol6,-29
63,19.179,35.488,262.286,-13.056,Do4,4
64,19.179,19.595,1587.376,-72.966,Sol6,21
65,19.179,35.573,2885.592,-73.734,Fa#7,-44
66,19.200,30.613,3147.920,-67.826,Sol7,7
67,19.200,30.784,4704.721,-76.998,Re8,2
68,19.221,30.784,4690.078,-78.870,Re8,-3
69,19.264,30.645,3806.484,-82.355,La#7,35
70,19.317,30.688,4152.527,-86.720,Do8,-14
71,19.339,30.560,3410.249,-87.775,Sol#7,45
72,19.349,30.667,4309.052,-88.044,Do#8,-50
73,19.360,30.464,2623.264,-88.233,Mi7,-9
74,19.445,20.085,2085.586,-36.045,Do7,-6
75,19.531,30.549,1391.039,-60.896,Fa6,-7
76,19.947,20.565,2085.588,-36.045,Do7,-6
77,20.427,21.045,2085.588,-36.045,Do7,-6
78,20.907,21.525,2085.588,-36.045,Do7,-6
79,21.387,22.005,2085.588,-36.045,Do7,-6
80,21.867,22.485,2085.588,-36.045,Do7,-6
81,22.347,22.965,2085.588,-36.046,Do7,-6
82,22.827,23.445,2085.588,-36.046,Do7,-6
83,23.307,23.925,2085.588,-36.046,Do7,-6
84,23.787,24.405,2085.588,-36.046,Do7,-6
85,24.267,24.885,2085.588,-36.046,Do7,-6
86,24.747,25.365,2085.588,-36.046,Do7,-6
87,25.227,25.845,2085.588,-36.046,Do7,-6
88,25.707,26.325,2085.588,-36.046,Do7,-6
89,26.187,26.805,2085.588,-36.046,Do7,-6
90,26.667,27.285,2085.588,-36.046,Do7,-6
91,27.147,27.765,2085.588,-36.045,Do7,-6
92,27.627,28.245,2085.588,-36.045,Do7,-6
93,28.107,28.725,2085.588,-36.045,Do7,-6
94,28.587,29.205,2085.588,-36.045,Do7,-6
95,29.067,29.685,2085.588,-36.045,Do7,-6
96,29.547,30.165,2085.588,-36.045,Do7,-6
97,30.027,35.680,2084.481,-36.044,Do7,-7
98,30.560,35.744,992.390,-36.379,Si5,8
99,30.560,35.669,1816.782,-46.128,La#6,-45
100,30.571,35.445,778.726,-28.186,Sol5,-12
101,30.603,35.691,744.294,-32.315,Fa#5,10
102,30.635,40.181,1736.488,-49.159,La6,-23
103,30.635,35.648,2335.853,-60.799,Re7,-10
104,30.667,35.605,248.101,-23.427,Si3,8
105,30.667,35.701,1557.240,-50.116,Sol6,-12
106,30.677,40.181,1298.744,-39.328,Mi6,-26
107,30.688,35.552,1984.776,-53.881,Si6,8
108,30.709,35.595,1240.482,-43.931,Re#6,-6
109,30.731,35.488,1823.924,-53.080,La#6,-38
110,30.731,35.520,3114.479,-75.370,Sol7,-12
111,30.752,40.139,2232.912,-63.838,Do#7,12
112,30.752,35.552,3147.921,-78.339,Sol7,7
113,30.763,35.712,524.639,-41.974,Do5,5
114,30.763,35.573,1488.587,-53.531,Fa#6,10
115,30.773,35.403,124.053,-29.809,Si2,8
116,30.784,35.488,2977.169,-84.486,Fa#7,10
117,30.816,40.181,500.004,-35.664,Si4,21
118,30.816,35.552,2854.936,-77.566,Fa7,37
119,30.827,35.445,3410.249,-87.745,Sol#7,45
120,30.837,35.477,2345.038,-66.926,Re7,-3
121,30.848,35.467,2866.157,-84.346,Fa7,44
122,30.848,35.371,3374.020,-90.499,Sol#7,27
123,30.869,34.560,1302.734,-45.698,Mi6,-21
124,30.869,35.339,2623.264,-81.633,Mi7,-9
125,30.869,35.531,2729.070,-78.432,Fa7,-41
126,33.888,40.181,100.005,-16.803,Sol2,35
127,33.899,40.171,50.003,-16.895,Sol1,35
128,33.995,40.181,799.994,-27.582,Sol5,35
129,34.005,40.181,699.997,-28.496,Fa5,4
130,34.059,40.117,150.004,-24.747,Re3,37
131,34.059,40.181,450.004,-35.193,La4,39
132,34.059,40.181,900.003,-34.646,La5,39
133,34.069,34.411,62.283,-31.057,Si1,15
134,34.069,40.096,75.004,-24.170,Re2,37
135,34.069,40.181,933.313,-36.729,La#5,2
136,34.080,40.181,1066.646,-38.553,Do6,33
137,34.101,40.107,666.652,-41.454,Mi5,19
138,34.101,40.181,1199.997,-41.448,Re6,37
139,34.112,40.181,1099.998,-42.891,Do#6,-14
140,34.155,40.181,1600.004,-47.451,Sol6,35
141,34.165,40.117,999.995,-46.788,Si5,21
142,34.197,40.181,1466.634,-51.910,Fa#6,-16
143,34.208,40.181,1349.996,-52.348,Mi6,41
144,34.219,40.181,1399.995,-53.667,Fa6,4
145,34.261,40.171,1500.000,-58.056,Fa#6,23
146,34.261,40.181,1650.003,-57.775,Sol#6,-12
147,34.261,40.181,1866.694,-58.486,La#6,2
148,34.272,40.171,1333.320,-55.061,Mi6,19
149,34.272,40.181,1799.996,-59.169,La6,39
150,34.283,40.181,2400.013,-59.644,Re7,37
151,34.293,40.096,66.664,-19.531,Do2,33
152,34.336,35.403,1950.004,-65.124,Si6,-23
153,34.336,40.181,2133.359,-60.643,Do7,33
154,34.347,40.181,2199.997,-66.454,Do#7,-14
155,34.379,35.317,1699.998,-68.738,Sol#6,40
156,34.389,35.392,1999.989,-68.648,Si6,21
157,34.421,40.181,2599.999,-73.739,Mi7,-24
158,34.443,40.075,33.379,-25.864,Do1,35
159,34.443,40.181,2933.370,-74.838,Fa#7,-16
160,34.453,40.075,25.002,-25.648,Sol0,35
161,34.464,40.181,2700.004,-77.496,Mi7,41
162,34.475,35.371,2266.614,-77.971,Do#7,38
163,34.475,40.181,3200.047,-77.287,Sol7,35
164,34.485,35.317,749.967,-46.531,Fa#5,23
165,34.496,40.181,3299.996,-80.667,Sol#7,-12
166,34.528,40.181,2666.701,-81.336,Mi7,19
167,34.528,40.181,3466.706,-82.221,La7,-26
168,34.539,40.171,2549.996,-83.545,Re#7,42
169,34.539,40.181,3599.996,-82.961,La7,39
170,34.560,35.296,2249.998,-85.212,Do#7,25
171,34.581,40.181,2799.995,-84.350,Fa7,4
172,34.592,40.181,3000.000,-86.379,Fa#7,23
173,34.603,40.181,266.663,-18.559,Do4,33
174,34.624,40.160,3900.004,-87.759,Si7,-23
175,34.688,35.221,1899.996,-89.478,La#6,33
176,34.763,40.053,3400.002,-92.019,Sol#7,40
177,35.424,40.085,750.000,-46.599,Fa#5,23
178,35.520,40.181,1950.004,-65.119,Si6,-23
179,35.531,40.181,1999.988,-68.532,Si6,21
180,35.605,40.117,1699.998,-68.707,Sol#6,40
181,35.627,40.075,2250.000,-85.169,Do#7,25
182,35.701,40.011,1900.002,-88.997,La#6,33
